Applicant_ID,Age,Monthly_Income_LKR,Business_Type,Utility_Bill_Late_Days,Mobile_Reload_Consistency,Digital_Literacy_Score,Community_Group_Member,Existing_Loans,Dependents,Loan_Default
1001,60,40988,0,9,0.306,69.42,0,0,4,0
1002,50,34969,2,8,0.3555,70.89,0,0,5,0
1003,36,37482,0,8,0.1544,98.26,1,0,1,0
1004,29,19760,0,22,0.05,79.38,1,2,0,1
1005,42,17475,2,14,0.1593,65.0,1,1,3,1
1006,60,33909,1,14,0.5532,69.46,1,1,4,0
1007,40,42466,1,12,0.5232,55.82,0,1,3,1
1008,44,17219,2,13,0.4006,57.46,1,0,1,0
1009,32,48957,2,16,0.2037,51.7,0,1,0,0
1010,32,17644,0,14,0.2374,54.95,0,1,2,1
1011,45,47643,1,15,0.2904,95.21,1,1,1,0
1012,57,38543,0,21,0.3715,66.24,0,1,4,1
1013,61,37471,0,10,0.3593,31.99,1,0,4,0
1014,45,42091,0,11,0.2549,83.73,0,0,2,0
1015,24,37376,1,20,0.4458,71.58,0,2,1,0
1016,43,33089,2,21,0.4171,76.12,1,1,1,0
1017,23,19817,1,9,0.2402,90.57,0,0,0,0
1018,45,50511,3,10,0.4719,91.63,0,2,2,1
1019,51,55807,0,12,0.6082,54.31,1,0,3,0
1020,59,49022,2,16,0.6368,44.2,0,2,3,1
1021,23,15000,0,23,0.4111,40.36,0,3,1,1
1022,42,37239,0,19,0.4623,65.9,0,2,2,1
1023,54,42736,0,17,0.3708,69.55,1,2,5,1
1024,33,33494,0,18,0.5382,87.48,1,0,1,0
1025,43,18885,0,11,0.1867,83.87,0,0,3,0
1026,46,43357,3,16,0.5455,69.48,1,1,3,0
1027,48,30025,0,9,0.3319,69.77,1,0,5,0
1028,49,55188,3,12,0.6616,64.94,0,0,3,0
1029,37,21912,0,10,0.443,80.8,1,1,1,0
1030,36,21373,0,9,0.3433,56.92,0,0,3,0
1031,24,28280,0,24,0.3352,60.1,1,2,1,1
1032,58,49013,2,9,0.5014,43.67,0,2,5,0
1033,28,58949,1,15,0.5189,84.3,0,2,1,1
1034,42,15000,0,20,0.2777,45.99,1,1,0,0
1035,30,28047,0,26,0.3839,66.91,0,2,1,1
1036,60,67344,2,16,0.6028,47.31,1,2,4,0
1037,39,24925,0,17,0.1578,80.62,0,1,2,0
1038,25,15000,2,14,0.4464,89.0,0,0,0,0
1039,46,26137,1,22,0.4435,64.47,0,2,1,1
1040,35,15000,0,20,0.5155,77.87,0,2,2,1
1041,30,46645,3,12,0.3093,85.33,0,1,1,0
1042,47,35055,0,18,0.3885,58.05,1,0,4,0
1043,23,15000,1,14,0.3683,72.56,0,1,0,1
1044,41,15000,0,8,0.4483,89.35,0,0,2,0
1045,49,20094,2,12,0.4146,23.07,0,2,2,1
1046,28,46780,1,18,0.231,68.76,0,3,1,1
1047,29,30146,1,14,0.419,74.36,1,0,0,0
1048,56,64697,2,18,0.7624,67.67,0,1,4,0
1049,35,45999,2,15,0.5068,91.23,0,0,1,0
1050,38,17790,0,16,0.5902,96.83,1,1,1,0
1051,57,84447,2,15,0.6676,59.07,1,0,4,0
1052,61,80445,3,13,0.7055,56.47,1,1,4,0
1053,25,15000,0,9,0.384,84.54,0,0,0,0
1054,23,15000,2,8,0.4158,72.73,0,0,0,0
1055,27,18652,3,19,0.385,60.1,0,0,1,0
1056,25,25974,2,5,0.3656,78.75,1,0,0,0
1057,50,33884,0,15,0.496,72.17,1,1,1,0
1058,39,30277,2,25,0.2975,65.78,0,0,3,0
1059,47,27570,0,17,0.6517,68.96,1,1,3,0
1060,55,60224,1,15,0.3114,31.59,0,2,3,0
1061,31,28154,0,11,0.4921,75.89,0,2,0,1
1062,57,62272,1,22,0.6625,52.18,1,2,4,1
1063,35,48733,2,21,0.3953,55.35,0,2,1,1
1064,52,15000,0,17,0.1706,67.36,1,0,4,0
1065,36,19642,3,14,0.5224,98.45,0,0,1,0
1066,29,16239,3,18,0.3711,90.87,1,1,2,0
1067,35,68970,3,15,0.5944,92.3,1,2,1,0
1068,44,39835,0,15,0.3832,77.07,0,3,1,1
1069,61,63388,1,16,0.7183,64.84,1,0,3,0
1070,42,15000,0,14,0.05,38.51,1,0,2,0
1071,37,34148,0,15,0.4418,69.5,0,0,1,0
1072,39,48274,1,14,0.6219,78.86,1,1,2,0
1073,45,51329,2,16,0.4441,74.7,0,1,2,1
1074,47,49350,1,12,0.4687,84.01,0,0,3,0
1075,46,39395,3,15,0.3334,49.25,1,1,2,0
1076,50,43323,1,15,0.4114,71.04,1,1,1,0
1077,36,15000,0,28,0.0867,54.32,0,1,1,1
1078,22,15000,3,17,0.2297,78.32,0,0,0,0
1079,46,42664,1,27,0.2886,64.14,0,2,3,1
1080,28,15000,2,16,0.4379,89.64,0,1,2,1
1081,30,36732,3,16,0.3061,88.45,1,2,0,1
1082,45,45401,3,12,0.3321,67.95,1,2,4,1
1083,22,40510,3,19,0.3446,51.77,0,0,1,0
1084,29,39973,0,9,0.2876,85.07,1,0,2,0
1085,45,41808,0,22,0.4449,61.77,0,1,2,1
1086,32,39219,2,9,0.4547,96.8,0,0,0,0
1087,38,47876,1,20,0.5434,89.29,0,2,2,0
1088,29,17988,1,10,0.4429,62.13,0,1,0,0
1089,56,42260,2,15,0.4886,65.76,1,2,4,1
1090,56,45747,3,13,0.365,66.4,1,0,3,0
1091,54,38467,0,11,0.3372,66.18,1,0,4,0
1092,26,38435,2,14,0.2654,86.64,0,1,1,0
1093,60,40990,0,12,0.2691,63.15,1,0,4,0
1094,49,60374,2,17,0.4801,86.96,0,1,1,0
1095,28,19295,2,10,0.2403,68.86,0,2,0,1
1096,30,33485,0,11,0.604,63.36,1,0,2,0
1097,29,28096,1,21,0.3646,88.95,0,1,1,0
1098,33,15000,0,16,0.5627,44.45,1,0,0,0
1099,55,46101,1,18,0.501,68.02,0,0,1,0
1100,54,50604,2,22,0.3099,66.61,1,3,3,1
1101,44,36635,2,15,0.3823,30.88,0,3,1,1
1102,45,18259,2,19,0.0946,53.88,1,1,1,0
1103,58,74321,0,16,0.5144,82.27,0,2,4,0
1104,56,48515,1,24,0.3184,35.79,1,1,5,1
1105,61,39285,2,16,0.2312,55.92,1,0,3,0
1106,43,61111,2,14,0.6811,54.24,0,0,2,0
1107,48,50060,0,19,0.5797,53.57,1,2,3,1
1108,56,29197,0,15,0.5234,84.46,1,0,3,0
1109,22,15000,1,18,0.4548,83.35,1,1,0,0
1110,56,43864,0,14,0.2244,64.94,1,1,4,0
1111,58,53259,2,16,0.3731,54.84,1,1,3,0
1112,35,39741,3,19,0.3484,50.85,0,1,0,0
1113,24,35852,0,17,0.1332,64.21,0,0,2,0
1114,22,28093,0,17,0.2867,100.0,1,0,1,0
1115,26,43401,2,21,0.3266,83.43,0,1,0,0
1116,47,41901,3,19,0.4237,52.64,1,1,3,1
1117,35,19005,0,19,0.7274,71.17,1,1,2,0
1118,60,50349,3,10,0.4227,64.56,0,1,5,1
1119,48,39765,0,8,0.4184,69.99,1,0,3,0
1120,30,15000,2,17,0.3,63.55,0,2,1,1
1121,36,22779,0,16,0.4676,47.45,1,1,3,0
1122,36,35913,2,19,0.2287,66.29,1,0,2,0
1123,47,33636,3,4,0.6685,80.0,1,1,2,0
1124,34,19906,0,14,0.3311,85.21,0,2,2,1
1125,53,58470,0,15,0.3869,67.2,1,2,3,1
1126,60,36651,0,9,0.5371,50.7,1,0,4,0
1127,53,55474,3,11,0.305,53.0,1,1,3,1
1128,25,15000,1,12,0.4454,76.82,1,0,1,0
1129,51,84611,3,7,0.7223,76.99,1,0,2,0
1130,58,45564,2,12,0.3777,70.91,1,1,2,0
1131,44,32751,0,21,0.6898,61.75,1,1,4,0
1132,60,67545,1,16,0.5655,94.4,1,1,4,0
1133,36,24919,0,17,0.4608,72.68,1,0,2,0
1134,50,64223,1,12,0.6654,58.82,1,0,1,0
1135,57,53573,1,18,0.6785,79.49,1,1,5,0
1136,34,27824,0,17,0.4088,42.61,0,0,1,0
1137,53,41424,0,15,0.5231,66.54,0,0,2,0
1138,28,42913,3,10,0.6167,78.4,1,0,1,0
1139,43,40257,1,11,0.2264,88.95,1,0,1,0
1140,49,48084,2,17,0.1608,72.28,1,0,3,0
1141,23,28915,0,13,0.3637,84.18,0,1,0,0
1142,27,25994,0,9,0.102,88.54,1,0,2,0
1143,49,49398,1,10,0.3764,47.51,1,0,4,0
1144,49,39825,0,21,0.4467,76.88,1,1,4,0
1145,41,34452,2,11,0.3448,48.08,1,0,0,0
1146,51,26413,3,17,0.3448,64.82,1,1,2,0
1147,32,32466,2,11,0.2309,75.78,1,0,0,0
1148,49,15806,1,17,0.4577,33.53,1,0,2,0
1149,46,43453,1,15,0.2491,66.18,0,0,2,0
1150,60,46190,2,7,0.1,58.45,1,0,4,0
1151,54,51218,1,16,0.3969,49.7,1,1,3,0
1152,22,15000,1,12,0.4748,66.31,0,2,0,0
1153,48,15000,1,12,0.3495,68.08,0,0,3,0
1154,34,24337,1,14,0.1861,78.27,1,0,0,0
1155,24,15000,1,24,0.3528,83.3,0,1,0,0
1156,60,23691,0,17,0.425,52.1,1,1,3,0
1157,27,35519,0,14,0.4023,71.05,1,2,0,0
1158,29,49618,1,11,0.3844,100.0,0,0,1,0
1159,48,28845,0,23,0.445,57.61,1,3,4,1
1160,30,25263,0,11,0.1024,63.15,1,0,2,0
1161,58,44183,1,17,0.2764,56.43,0,0,3,0
1162,54,35716,1,15,0.1935,55.26,0,2,3,1
1163,45,48356,3,11,0.6231,61.61,0,1,2,0
1164,36,46352,0,13,0.5227,100.0,0,1,1,0
1165,53,31770,0,9,0.4072,41.43,1,1,3,0
1166,53,45471,2,6,0.1961,60.31,1,1,1,0
1167,45,57667,0,12,0.5558,51.43,1,0,3,0
1168,33,39135,1,15,0.6058,67.0,0,1,3,0
1169,60,62965,1,13,0.5431,81.94,1,0,4,0
1170,23,41319,0,17,0.398,87.55,0,2,0,1
1171,24,41922,1,28,0.4996,86.63,0,3,0,1
1172,58,64229,1,12,0.5015,43.53,1,0,5,0
1173,38,34974,0,8,0.5263,64.33,0,0,1,0
1174,23,15062,3,10,0.4732,100.0,0,0,1,0
1175,23,22352,1,14,0.3227,88.93,0,0,1,0
1176,49,33583,1,16,0.2849,56.66,0,2,5,1
1177,44,15000,2,9,0.2775,70.51,1,0,2,0
1178,58,44607,2,13,0.4919,59.68,1,0,2,0
1179,53,50162,3,16,0.3745,47.62,0,2,2,1
1180,54,36790,0,24,0.2794,52.55,1,2,3,1
1181,22,17108,2,12,0.3426,100.0,0,1,1,0
1182,40,32089,1,14,0.5463,74.69,1,1,1,0
1183,23,41152,1,21,0.4231,59.78,0,1,0,0
1184,47,34608,0,21,0.3451,71.11,0,3,3,1
1185,53,65149,2,10,0.5109,81.26,1,1,2,0
1186,27,15000,0,13,0.3501,63.93,1,1,0,0
1187,53,65017,0,7,0.1725,54.85,1,0,2,0
1188,25,41861,3,13,0.5092,100.0,0,0,1,0
1189,32,41533,2,19,0.465,76.68,1,1,3,0
1190,38,15000,2,25,0.3399,66.56,0,2,0,1
1191,59,64883,3,10,0.6216,36.85,1,2,4,0
1192,45,37648,3,23,0.5761,81.42,1,3,4,1
1193,26,15000,0,17,0.4573,75.47,0,1,1,0
1194,55,65872,2,13,0.3371,27.62,1,1,3,0
1195,27,45662,0,15,0.2918,56.98,0,2,0,0
1196,43,15000,3,9,0.5051,56.28,0,1,3,0
1197,32,30631,0,16,0.095,58.97,1,0,1,0
1198,37,52828,2,9,0.4097,59.54,1,1,0,0
1199,54,64052,3,13,0.5261,95.98,1,2,4,0
1200,30,38940,0,15,0.1348,88.11,0,0,0,0
1201,27,15000,0,11,0.3727,38.84,1,2,0,0
1202,37,42943,3,8,0.5505,67.58,1,0,1,0
1203,50,39128,0,20,0.175,60.17,0,1,4,1
1204,24,36537,2,16,0.6401,59.9,0,1,0,0
1205,41,39042,1,12,0.2461,76.72,0,1,2,0
1206,57,47701,1,13,0.5055,26.15,1,0,2,0
1207,40,44013,2,19,0.3975,86.46,0,2,1,1
1208,47,37421,0,20,0.404,85.37,1,1,2,0
1209,24,21235,2,9,0.1606,100.0,0,0,0,0
1210,40,26071,3,12,0.5542,44.59,1,1,2,0
1211,41,15000,0,17,0.3864,45.74,0,0,0,0
1212,53,53317,1,15,0.6764,70.92,0,0,2,0
1213,28,15000,0,9,0.1489,94.44,0,0,0,0
1214,54,42588,1,13,0.3793,70.79,1,2,3,0
1215,61,55504,0,13,0.4702,70.55,1,1,4,0
1216,60,19121,0,16,0.3569,72.16,1,1,4,0
1217,39,15000,2,14,0.4375,70.93,0,0,1,0
1218,61,46703,2,7,0.3877,50.28,1,0,4,0
1219,22,26818,0,20,0.6853,62.16,0,3,0,1
1220,32,39160,1,12,0.4039,71.44,1,1,1,0
1221,49,17730,3,13,0.05,58.0,1,2,2,1
1222,46,48749,0,13,0.4345,51.43,1,0,3,0
1223,44,33923,0,13,0.574,65.22,0,0,2,0
1224,52,30752,0,21,0.2384,43.14,0,2,4,1
1225,51,33471,0,12,0.2357,76.85,1,1,4,0
1226,56,59227,1,13,0.322,65.11,1,0,2,0
1227,28,28910,0,7,0.2108,71.2,0,0,0,0
1228,37,32754,0,16,0.31,74.11,0,2,2,0
1229,47,43652,1,17,0.5455,47.79,0,1,1,1
1230,23,34721,1,17,0.6158,67.62,0,1,2,0
1231,22,18543,1,16,0.05,72.35,0,0,0,0
1232,33,29614,2,17,0.3173,71.28,1,0,2,0
1233,26,40272,2,17,0.4461,82.95,1,3,0,1
1234,58,43826,3,15,0.44,57.76,1,0,2,0
1235,53,54072,1,22,0.7202,40.83,1,1,4,0
1236,30,18844,0,16,0.05,74.27,0,2,4,1
1237,56,40961,3,18,0.05,44.63,0,0,3,0
1238,40,32839,0,17,0.6914,17.75,0,0,1,0
1239,37,39729,0,14,0.5123,100.0,0,1,0,0
1240,24,39512,0,14,0.3131,70.37,0,1,2,0
1241,41,36648,0,16,0.4174,57.32,1,1,3,0
1242,45,15902,0,17,0.3762,42.99,0,0,1,0
1243,54,55071,2,16,0.3483,44.04,1,1,1,0
1244,45,75207,2,11,0.5093,66.29,0,1,0,0
1245,32,29630,2,7,0.4273,95.24,1,1,2,0
1246,29,15000,1,17,0.6398,72.98,0,0,1,0
1247,57,50544,1,7,0.5709,52.2,1,1,3,0
1248,59,49554,0,13,0.6848,73.36,1,3,4,0
1249,61,49893,1,13,0.2232,45.92,1,1,4,0
1250,41,49381,3,10,0.3714,70.06,1,1,2,0
1251,56,67874,1,15,0.506,45.76,1,1,4,0
1252,46,49453,3,15,0.1355,91.02,0,2,1,1
1253,56,45204,3,20,0.5903,73.05,0,2,5,1
1254,46,56085,1,6,0.5365,64.11,1,0,2,0
1255,50,19992,0,11,0.2949,53.61,1,0,5,0
1256,39,22859,2,14,0.3296,68.21,0,0,1,0
1257,39,24530,2,14,0.5494,66.78,1,0,1,0
1258,23,20335,1,17,0.2315,58.03,1,0,0,0
1259,56,54801,2,13,0.6311,74.52,1,2,3,0
1260,37,28989,1,12,0.3347,67.49,0,0,2,0
1261,57,34409,0,17,0.4994,83.92,1,1,2,0
1262,54,60222,2,5,0.4636,66.75,1,1,3,0
1263,25,18868,3,16,0.6821,41.67,0,0,0,0
1264,54,47131,2,20,0.2847,39.89,0,2,3,1
1265,35,38666,2,12,0.3107,41.28,1,2,2,1
1266,42,36583,0,14,0.1655,48.25,1,1,1,0
1267,41,35849,2,19,0.2251,43.88,0,0,2,0
1268,29,41057,2,16,0.5096,82.29,1,0,0,0
1269,28,27070,0,17,0.6077,73.17,0,1,0,0
1270,24,34541,2,17,0.5103,92.96,0,0,2,0
1271,38,40970,1,22,0.4016,70.73,0,1,3,0
1272,54,75853,1,15,0.3556,58.38,1,2,4,1
1273,33,34941,2,12,0.5221,100.0,1,0,1,0
1274,43,46369,1,21,0.2736,71.18,0,2,3,1
1275,43,53324,2,12,0.231,67.32,0,0,2,0
1276,51,44154,1,13,0.3641,48.41,0,2,3,0
1277,59,40032,2,11,0.095,36.76,0,0,4,1
1278,59,42487,3,16,0.199,66.21,1,1,5,0
1279,29,18632,0,12,0.6295,86.92,0,0,2,0
1280,48,26545,0,16,0.1313,85.43,1,2,3,1
1281,48,45567,1,11,0.2357,70.94,1,1,2,1
1282,55,36957,0,19,0.4032,51.4,1,0,3,0
1283,42,38922,1,14,0.4159,75.56,1,1,3,0
1284,51,40819,1,10,0.3669,59.68,1,0,2,0
1285,54,44975,2,12,0.1119,71.88,1,1,4,0
1286,49,49940,0,20,0.5521,83.41,0,2,2,0
1287,54,37471,1,15,0.3272,55.62,0,0,4,0
1288,26,32783,0,11,0.565,100.0,1,0,0,0
1289,40,57909,3,12,0.348,89.22,1,0,1,0
1290,25,27546,0,17,0.5162,80.62,1,1,2,0
1291,56,35468,0,10,0.5831,66.41,0,0,4,0
1292,38,23574,1,8,0.2889,74.14,0,0,3,0
1293,49,37876,2,15,0.5268,62.52,1,0,2,0
1294,51,34276,1,11,0.1864,88.92,1,0,3,0
1295,50,27532,2,21,0.4084,68.12,0,3,4,1
1296,27,26316,3,15,0.5491,66.02,0,0,1,0
1297,56,43882,3,15,0.4875,41.77,1,1,4,0
1298,58,51645,1,13,0.79,41.56,1,1,5,0
1299,45,56195,2,12,0.5266,74.56,1,1,1,0
1300,50,38854,0,9,0.3423,56.36,1,0,3,0
1301,52,26218,0,13,0.7917,63.62,0,1,1,0
1302,56,41216,2,19,0.6481,70.97,1,2,2,1
1303,54,57156,1,18,0.2025,90.55,0,0,4,0
1304,42,46151,2,18,0.2978,63.84,1,0,1,0
1305,53,52579,3,13,0.2757,39.33,1,0,4,0
1306,44,28229,0,19,0.4674,92.11,0,0,4,0
1307,54,56878,1,11,0.5279,38.23,1,0,3,0
1308,24,36253,0,10,0.4752,59.58,0,1,1,0
1309,39,23168,0,22,0.1134,95.21,1,0,2,0
1310,46,38576,2,17,0.3007,80.65,0,1,1,1
1311,52,74306,2,7,0.4634,70.7,0,1,2,0
1312,24,15000,0,22,0.0642,79.15,1,1,0,1
1313,61,25623,1,13,0.2333,47.77,1,1,3,1
1314,45,59143,3,10,0.6513,57.75,1,0,3,0
1315,53,61849,2,20,0.2215,57.14,0,2,3,1
1316,43,29945,0,21,0.5932,65.48,1,1,2,0
1317,44,35905,0,11,0.5534,45.37,1,1,1,0
1318,23,15000,0,24,0.2939,68.4,0,2,1,1
1319,48,42134,1,16,0.308,31.73,1,0,2,0
1320,23,38288,2,10,0.5205,84.2,0,0,2,0
1321,47,31860,0,14,0.2615,64.36,0,1,3,1
1322,38,45956,1,21,0.3042,98.47,0,1,0,0
1323,61,58155,3,10,0.4418,60.25,1,2,4,0
1324,54,54267,3,24,0.1161,51.49,0,3,2,1
1325,30,19135,0,17,0.1303,72.51,1,0,1,0
1326,60,45080,3,15,0.3654,61.41,1,0,4,0
1327,50,15000,1,15,0.4089,62.51,1,0,3,0
1328,47,31499,1,21,0.2585,71.82,0,0,2,0
1329,56,64652,1,22,0.432,64.92,1,1,3,0
1330,46,25260,1,13,0.1211,59.54,0,1,1,0
1331,45,26695,0,18,0.5066,56.23,0,1,3,1
1332,34,39202,2,21,0.431,65.48,1,0,1,0
1333,28,30841,3,10,0.4234,64.41,0,0,0,0
1334,57,58347,0,13,0.5191,41.6,1,0,3,0
1335,41,17751,1,22,0.3561,94.15,0,2,1,1
1336,22,58460,3,4,0.3736,87.72,1,0,0,0
1337,29,15000,0,22,0.5069,73.57,0,2,1,1
1338,37,34313,0,11,0.4093,63.99,0,1,0,0
1339,35,28020,2,16,0.3452,78.84,0,1,0,0
1340,33,15000,1,19,0.3362,90.75,0,0,2,0
1341,44,32046,0,6,0.3756,76.45,1,1,2,0
1342,36,31549,2,19,0.3525,85.78,1,1,1,0
1343,49,31850,1,24,0.4465,52.79,1,1,1,0
1344,55,60458,0,10,0.3108,59.58,0,0,4,0
1345,23,18375,1,18,0.2165,72.44,0,1,0,0
1346,53,24680,1,21,0.4456,59.27,0,1,3,0
1347,44,16208,0,8,0.3187,83.11,0,0,0,0
1348,43,45892,1,16,0.5604,74.38,0,0,3,0
1349,46,16898,3,24,0.4036,86.89,1,3,4,1
1350,43,41546,3,15,0.321,63.03,0,0,3,0
1351,43,43469,3,13,0.4949,55.44,1,0,1,0
1352,27,15000,1,10,0.5171,85.18,0,0,1,0
1353,36,44561,0,20,0.4784,75.04,0,1,1,0
1354,58,23033,0,14,0.4574,58.34,1,0,2,0
1355,54,50046,1,11,0.3993,62.0,0,1,3,0
1356,29,24987,3,12,0.5114,69.63,0,0,0,0
1357,26,21415,0,15,0.2664,81.88,1,0,0,0
1358,60,32731,0,9,0.4326,67.47,0,1,5,0
1359,25,15000,0,14,0.7229,95.24,0,0,2,0
1360,27,48282,1,17,0.5015,73.49,1,3,0,1
1361,53,63027,0,17,0.3945,64.97,1,0,2,0
1362,51,54331,2,5,0.3723,84.39,1,0,3,0
1363,56,61297,0,16,0.4425,51.91,1,0,3,0
1364,61,63890,3,17,0.5874,45.45,0,0,4,0
1365,37,27149,0,12,0.3897,82.63,1,3,2,0
1366,34,30314,0,11,0.2785,82.72,0,2,2,1
1367,51,21112,0,21,0.2552,46.36,1,0,4,0
1368,40,33054,3,12,0.4054,47.91,0,1,3,0
1369,38,50551,2,27,0.4327,75.43,1,1,0,1
1370,40,24489,0,7,0.4295,61.77,1,0,3,0
1371,49,56947,2,13,0.58,38.83,1,0,2,0
1372,47,41373,0,17,0.8125,53.83,1,2,3,0
1373,58,28019,0,19,0.1507,63.04,0,3,3,1
1374,47,23390,3,22,0.4615,60.07,1,3,2,1
1375,44,51389,3,17,0.4432,91.03,0,1,3,0
1376,30,34687,3,15,0.11,45.76,1,1,0,1
1377,33,30326,0,9,0.5632,94.3,0,0,2,0
1378,22,15889,1,18,0.4029,76.43,0,0,1,0
1379,22,23158,0,16,0.4779,74.99,1,0,0,0
1380,55,59604,1,14,0.1941,36.29,0,1,3,0
1381,53,66937,1,16,0.4343,68.87,1,1,2,0
1382,46,62055,1,19,0.2933,39.6,0,2,3,1
1383,61,56779,3,13,0.7664,66.75,1,2,4,0
1384,22,17421,2,20,0.5152,59.04,0,2,0,1
1385,37,34193,0,17,0.2833,51.08,1,3,1,1
1386,60,58231,2,15,0.2151,37.55,1,0,4,0
1387,26,30971,1,15,0.4065,69.16,1,1,0,0
1388,43,56419,3,17,0.6049,82.97,1,1,1,0
1389,50,74136,1,10,0.2251,87.57,1,0,3,0
1390,24,18521,1,23,0.2065,71.06,0,3,0,1
1391,33,61138,0,12,0.287,76.62,0,2,1,0
1392,47,57583,3,12,0.574,73.11,0,0,2,0
1393,37,30487,3,17,0.3207,66.11,0,0,2,0
1394,58,71278,0,15,0.429,65.09,1,1,4,0
1395,43,62084,2,15,0.4814,69.35,1,1,3,0
1396,50,35495,0,24,0.257,57.35,1,2,3,1
1397,35,56383,0,16,0.2244,53.94,0,0,1,0
1398,49,57726,2,16,0.6498,66.41,1,0,2,0
1399,26,58728,2,15,0.6662,97.05,1,0,1,0
1400,51,36839,0,16,0.419,48.81,1,0,3,0
1401,26,17898,2,21,0.3826,49.07,0,0,0,0
1402,33,15000,0,17,0.5267,67.91,0,2,1,1
1403,37,40567,0,17,0.4249,94.7,1,0,1,0
1404,47,45628,2,14,0.3512,82.74,1,0,2,0
1405,47,31555,2,12,0.3848,54.45,0,0,4,0
1406,42,34772,2,13,0.5959,74.31,0,0,1,0
1407,60,30731,3,18,0.3848,61.88,1,2,3,1
1408,57,65976,2,10,0.3645,80.95,1,1,5,0
1409,54,38254,1,19,0.4177,34.97,1,1,3,0
1410,51,89610,0,10,0.6225,49.73,1,0,2,0
1411,58,46165,1,13,0.4959,25.67,1,0,5,0
1412,44,26205,0,21,0.4484,54.84,1,1,1,0
1413,31,21015,0,14,0.2285,90.9,0,0,2,0
1414,26,15000,2,24,0.453,69.9,0,2,0,1
1415,57,55234,2,10,0.4424,37.9,1,0,4,0
1416,55,40101,3,11,0.2935,61.01,1,1,4,0
1417,52,60968,3,11,0.5667,65.88,1,0,2,0
1418,31,23078,0,5,0.2896,59.85,0,1,2,1
1419,40,55166,3,20,0.2018,63.53,1,2,1,0
1420,53,56161,2,10,0.2903,63.07,1,1,4,0
1421,22,20428,3,14,0.3238,93.23,0,1,1,0
1422,26,46903,2,22,0.504,71.76,0,3,2,1
1423,25,36684,0,16,0.2621,69.37,0,1,0,0
1424,37,76193,2,9,0.4544,100.0,1,0,2,0
1425,45,32258,0,5,0.1982,60.72,1,0,2,0
1426,37,33149,0,21,0.5302,75.06,0,1,4,1
1427,23,44330,1,18,0.6684,93.36,1,1,1,0
1428,49,18446,1,22,0.5875,33.44,1,0,3,0
1429,53,64554,2,9,0.6061,61.38,1,0,3,0
1430,48,47389,1,13,0.5478,39.25,0,3,3,1
1431,41,21876,1,18,0.05,65.03,1,0,2,0
1432,45,17954,3,13,0.3715,83.99,1,0,2,0
1433,33,18712,0,17,0.2724,58.09,1,0,1,0
1434,56,15000,2,25,0.4696,29.3,0,2,3,1
1435,54,38256,2,15,0.05,86.54,1,0,2,0
1436,54,54938,1,15,0.4663,42.69,1,1,4,0
1437,58,41655,3,14,0.372,32.89,1,0,3,0
1438,33,49624,3,8,0.5918,100.0,0,1,0,0
1439,24,46499,0,21,0.6484,65.25,0,2,0,1
1440,22,39134,2,18,0.2585,100.0,0,0,0,0
1441,54,49059,1,17,0.2901,63.42,1,1,3,0
1442,61,16329,3,8,0.3754,69.69,0,0,3,0
1443,31,16644,0,14,0.6017,77.26,1,0,1,0
1444,50,40269,2,23,0.4097,77.82,1,2,3,1
1445,34,16191,1,12,0.1486,58.24,1,0,2,0
1446,33,26707,0,20,0.2759,64.67,0,1,2,0
1447,52,68151,0,12,0.5008,31.08,0,0,3,0
1448,23,15000,0,17,0.3735,95.28,0,0,0,0
1449,56,74375,1,10,0.3803,66.53,1,0,4,0
1450,44,50870,1,15,0.3333,52.38,1,1,2,0
1451,38,36823,3,17,0.2448,44.65,1,1,3,0
1452,47,29295,0,11,0.5444,67.16,1,1,4,0
1453,29,15000,2,15,0.2123,100.0,1,0,1,0
1454,50,18006,2,3,0.2753,57.33,0,0,2,0
1455,47,65751,2,11,0.3904,56.7,1,1,3,0
1456,31,50264,1,19,0.1848,63.77,0,2,2,1
1457,47,18905,2,19,0.2178,80.63,1,0,1,0
1458,55,38110,1,17,0.5795,45.72,0,1,5,0
1459,28,31297,1,8,0.1968,72.76,1,0,0,0
1460,25,17907,1,20,0.2002,95.02,1,1,1,0
1461,32,15000,2,14,0.1376,83.06,1,2,2,1
1462,50,32533,0,20,0.3677,55.86,1,2,3,1
1463,57,77265,2,9,0.776,49.24,1,1,3,0
1464,46,30350,1,10,0.356,85.82,0,0,3,0
1465,42,33547,2,13,0.3939,50.61,0,2,4,0
1466,57,30822,3,16,0.2577,51.93,1,1,3,1
1467,31,36016,0,12,0.3808,53.81,0,0,0,0
1468,58,50527,0,17,0.6107,74.09,0,1,3,0
1469,30,15269,0,18,0.3596,68.0,0,2,0,1
1470,45,18830,0,12,0.6668,52.99,1,2,3,1
1471,56,68268,1,13,0.6596,69.55,1,0,3,0
1472,56,23116,0,9,0.3448,33.73,1,1,3,0
1473,57,55557,3,13,0.423,67.09,1,2,4,0
1474,39,15000,0,13,0.5821,62.49,1,0,1,0
1475,60,61008,1,12,0.4731,37.62,1,1,5,1
1476,53,59354,1,7,0.6597,46.28,0,1,2,0
1477,45,54821,3,18,0.7375,56.82,1,0,3,0
1478,44,35181,2,20,0.3573,59.26,1,0,3,0
1479,53,68560,3,23,0.5242,44.08,0,1,3,0
1480,58,83416,2,19,0.6555,63.96,1,2,4,0
1481,33,23975,0,14,0.4751,55.23,0,1,0,1
1482,34,22834,0,14,0.4712,37.21,1,1,1,0
1483,44,39837,2,11,0.1996,95.18,1,0,2,0
1484,46,32034,0,21,0.2528,66.97,1,0,1,0
1485,56,37841,1,15,0.3203,86.73,1,1,3,0
1486,51,35148,0,18,0.57,44.66,1,0,3,0
1487,38,58536,2,21,0.261,80.25,1,2,1,0
1488,41,46778,0,13,0.6454,82.9,1,0,0,0
1489,46,31985,1,8,0.4969,61.16,0,0,3,0
1490,43,15000,1,14,0.5106,43.03,0,0,2,0
1491,34,15000,1,19,0.1981,67.93,0,2,0,1
1492,40,41951,1,18,0.4157,79.19,1,0,4,0
1493,57,16176,0,14,0.3853,62.44,1,0,5,0
1494,33,33194,2,9,0.4212,74.49,0,0,1,0
1495,40,18416,1,22,0.3904,80.9,1,2,1,1
1496,33,30177,0,13,0.334,86.97,1,0,2,0
1497,30,27357,2,3,0.3887,68.48,1,0,1,0
1498,28,26608,0,15,0.5216,55.05,0,0,1,0
1499,49,35683,0,17,0.2142,64.82,1,1,2,1
1500,35,23990,0,10,0.592,60.8,0,0,2,0
1501,52,33188,2,13,0.5303,61.48,1,0,3,0
1502,40,41658,0,16,0.2594,89.95,0,0,2,0
1503,37,44077,1,16,0.4678,78.97,0,1,1,0
1504,26,15000,2,10,0.4727,97.74,0,1,3,0
1505,56,46425,3,20,0.2308,42.27,0,1,4,0
1506,33,31748,0,24,0.3857,90.69,0,2,4,1
1507,46,41956,0,17,0.3931,90.14,1,3,3,1
1508,42,38501,0,5,0.2994,68.81,0,0,1,0
1509,57,41969,0,18,0.4188,91.03,1,1,4,0
1510,44,41785,2,12,0.3144,53.72,1,1,3,1
1511,37,41270,2,19,0.6093,62.54,0,2,2,1
1512,60,52515,3,21,0.3373,64.6,0,0,4,0
1513,60,57989,0,8,0.5638,56.22,1,1,5,0
1514,35,45255,2,10,0.1648,62.98,0,0,0,0
1515,52,16235,0,17,0.3163,66.91,0,2,2,1
1516,26,37351,0,18,0.3952,85.87,1,0,0,0
1517,56,52336,2,27,0.4017,49.24,0,0,4,0
1518,44,20925,0,15,0.2929,67.33,1,0,2,0
1519,50,54437,2,6,0.336,74.43,0,0,2,0
1520,32,22025,2,15,0.4682,65.08,0,1,2,0
1521,39,29670,0,10,0.5241,77.12,1,0,2,0
1522,33,21184,2,17,0.3406,60.31,0,0,1,0
1523,30,30935,1,19,0.2128,66.59,1,2,1,1
1524,31,15419,1,10,0.6076,91.02,0,0,1,0
1525,38,46322,2,11,0.2838,81.04,1,1,1,0
1526,59,47517,3,11,0.1999,26.85,1,0,5,0
1527,28,19336,0,13,0.05,71.52,0,0,0,0
1528,34,40893,3,17,0.4172,81.83,1,2,1,1
1529,61,46406,2,15,0.3834,55.52,0,1,6,0
1530,30,40622,2,18,0.5562,86.94,1,0,0,0
1531,48,55493,2,17,0.5304,66.49,1,3,4,1
1532,23,15000,3,16,0.381,78.71,1,2,1,1
1533,26,39838,2,14,0.3589,78.34,1,3,1,1
1534,50,20469,0,13,0.5177,76.01,1,0,3,0
1535,58,66373,3,13,0.746,68.26,1,0,4,0
1536,59,80025,2,6,0.6514,64.47,1,1,4,0
1537,40,47522,1,13,0.3493,71.68,0,1,1,0
1538,29,15000,2,19,0.4547,67.67,1,0,1,0
1539,22,35953,0,18,0.3296,78.99,0,1,0,1
1540,43,70491,0,13,0.3105,86.22,1,0,3,0
1541,38,28254,0,18,0.2358,84.58,0,1,0,0
1542,28,24279,0,11,0.307,67.9,1,0,1,0
1543,46,21372,2,13,0.369,64.44,0,1,3,1
1544,25,27081,2,19,0.6768,87.79,0,0,1,0
1545,57,67037,2,19,0.3353,65.2,0,2,5,1
1546,27,34466,2,12,0.5847,85.83,0,1,0,0
1547,52,91129,2,5,0.4802,48.43,0,1,3,0
1548,40,34895,0,16,0.0848,51.52,1,3,0,1
1549,60,25939,0,18,0.289,69.75,1,1,3,0
1550,48,43364,1,16,0.5849,86.17,1,3,3,1
1551,31,15000,0,16,0.3892,52.08,0,0,0,0
1552,47,32003,3,19,0.4407,62.78,1,0,3,0
1553,40,58765,1,12,0.6462,83.69,0,0,1,0
1554,60,55277,2,13,0.2827,22.07,1,0,4,0
1555,24,24291,1,21,0.203,64.73,1,2,0,1
1556,34,56911,1,8,0.1027,74.71,1,0,0,0
1557,49,37541,1,12,0.5254,53.2,1,1,3,0
1558,41,54127,0,17,0.5197,73.35,1,1,2,0
1559,49,43539,1,15,0.5174,84.81,0,1,3,0
1560,29,31300,0,16,0.2008,64.74,0,1,1,0
1561,60,32140,0,16,0.1397,53.57,0,1,5,1
1562,22,15000,3,18,0.1396,76.33,1,0,0,0
1563,24,15000,1,16,0.1991,81.95,0,0,1,0
1564,34,28171,0,17,0.6035,73.3,0,1,0,0
1565,49,47456,2,20,0.5687,100.0,1,1,4,0
1566,46,22549,1,20,0.2876,85.4,1,0,3,0
1567,54,76337,1,24,0.5357,38.32,0,2,3,1
1568,59,53771,1,10,0.3327,42.28,0,0,4,0
1569,27,24866,1,24,0.4168,66.82,0,0,0,0
1570,53,56344,2,8,0.2701,42.32,1,0,2,0
1571,42,23566,0,24,0.4715,45.83,0,1,4,0
1572,37,34452,2,13,0.2587,68.77,1,1,1,0
1573,42,25247,0,13,0.484,55.43,1,0,2,0
1574,32,51380,3,13,0.3643,63.78,0,0,0,0
1575,58,32920,0,12,0.2638,84.8,1,1,2,0
1576,57,48947,2,13,0.6643,46.83,0,0,3,0
1577,56,52139,3,9,0.4569,51.37,1,0,3,0
1578,40,40322,2,10,0.3525,80.75,1,1,2,0
1579,41,26481,0,14,0.4799,60.75,0,0,2,0
1580,39,20167,1,24,0.1494,50.93,1,2,4,1
1581,35,21898,3,13,0.5208,67.92,1,0,1,0
1582,36,39124,0,19,0.3769,100.0,0,1,3,0
1583,52,41842,2,12,0.4947,52.96,1,1,5,0
1584,22,31943,0,12,0.1477,69.52,1,2,1,1
1585,24,28755,2,15,0.3145,87.58,0,0,0,0
1586,37,15000,0,23,0.3382,64.91,0,1,0,1
1587,44,41312,3,16,0.5578,100.0,1,1,3,0
1588,32,61756,1,17,0.5565,66.37,0,1,2,1
1589,33,48679,2,21,0.3628,100.0,0,1,3,1
1590,31,33530,0,15,0.4315,93.6,1,1,0,0
1591,53,28909,2,17,0.5608,52.37,0,2,3,1
1592,37,39163,0,15,0.3679,71.86,1,0,1,0
1593,29,36696,1,16,0.3454,62.62,0,0,0,0
1594,59,45793,2,11,0.131,46.9,1,2,4,1
1595,33,33551,2,15,0.342,68.73,0,0,0,0
1596,45,61044,2,18,0.1917,70.07,0,3,1,1
1597,49,28740,2,12,0.3547,40.08,1,1,3,0
1598,29,15000,2,16,0.4857,80.57,1,1,1,0
1599,49,51990,0,8,0.112,61.41,0,0,3,0
1600,57,54863,2,6,0.6223,63.46,1,0,3,0
1601,47,55432,1,14,0.389,73.75,1,1,4,0
1602,29,34146,0,21,0.3813,74.43,1,2,1,1
1603,49,33083,0,18,0.3073,69.03,0,3,5,1
1604,49,48082,3,9,0.1632,61.9,1,0,3,0
1605,58,31668,0,10,0.2617,65.52,1,0,1,0
1606,57,44245,2,15,0.7252,61.17,0,0,1,0
1607,48,48341,1,23,0.2564,66.75,1,2,3,0
1608,38,27392,0,17,0.1302,68.4,0,0,3,1
1609,30,63420,1,17,0.4797,99.38,0,0,0,0
1610,54,17217,0,10,0.3302,62.2,1,0,5,0
1611,41,26987,1,13,0.319,47.68,1,0,4,0
1612,34,15533,0,24,0.341,64.87,0,3,1,1
1613,49,31094,0,10,0.4744,58.08,1,1,3,0
1614,50,32755,1,11,0.2938,60.86,1,0,4,0
1615,34,15000,2,18,0.3667,74.55,1,0,3,0
1616,56,58490,0,13,0.5998,44.49,0,0,4,0
1617,27,15793,1,10,0.1902,76.56,1,0,1,0
1618,39,36053,0,7,0.05,65.29,0,0,2,0
1619,26,16677,1,22,0.4423,94.74,0,1,1,0
1620,46,28836,0,5,0.7475,48.76,1,0,3,0
1621,23,45884,2,15,0.4136,83.53,1,0,0,0
1622,31,41043,3,11,0.4329,66.62,0,0,1,0
1623,51,15176,2,20,0.2936,86.26,1,1,3,0
1624,26,15000,3,12,0.5757,97.15,1,1,0,0
1625,54,61239,1,24,0.4414,35.89,1,1,4,1
1626,22,15000,2,18,0.3095,69.56,0,1,2,1
1627,39,15000,0,19,0.4741,80.96,1,1,2,0
1628,53,60486,1,9,0.3786,68.11,0,0,4,0
1629,32,30536,0,17,0.1836,81.44,0,2,3,1
1630,42,39773,2,13,0.5318,70.84,0,0,2,0
1631,47,52143,1,20,0.3416,79.48,0,0,2,0
1632,46,19550,0,18,0.2026,74.47,0,1,3,1
1633,43,15000,0,16,0.6525,60.34,1,0,0,0
1634,48,64514,1,18,0.4345,47.66,1,2,0,1
1635,34,15000,0,19,0.4116,46.55,1,1,2,0
1636,54,27266,0,12,0.3726,55.57,0,2,1,1
1637,55,31063,0,26,0.2447,29.11,1,2,2,1
1638,56,78399,2,14,0.5994,64.4,1,3,3,1
1639,22,27400,2,17,0.4157,78.12,0,2,0,0
1640,42,50481,1,23,0.3273,98.21,0,2,2,1
1641,27,26942,0,23,0.4323,83.84,0,1,2,1
1642,49,32571,0,17,0.3043,61.22,1,0,3,0
1643,38,42269,2,11,0.24,47.18,1,0,1,0
1644,26,15000,0,17,0.1566,59.37,0,1,2,1
1645,52,27570,0,20,0.4094,68.98,0,3,2,1
1646,26,34194,0,16,0.3281,75.52,1,1,1,0
1647,59,29241,0,13,0.5984,91.35,1,2,2,0
1648,24,18763,2,23,0.3405,79.03,0,2,0,1
1649,44,35447,0,14,0.2708,68.48,0,0,2,0
1650,58,40870,1,10,0.4258,35.53,1,0,5,0
1651,58,19533,1,12,0.1547,67.36,1,0,4,0
1652,31,17766,1,15,0.3318,60.69,1,0,0,0
1653,31,15000,1,11,0.3854,82.17,0,1,0,0
1654,40,36821,1,23,0.4214,81.46,0,3,1,1
1655,38,34457,2,16,0.5816,72.07,0,1,3,0
1656,42,41669,3,19,0.7938,94.52,0,0,4,0
1657,35,20260,1,14,0.4514,62.47,0,0,0,0
1658,30,34241,2,9,0.5624,100.0,1,0,2,0
1659,22,15000,1,11,0.719,62.44,0,1,0,0
1660,34,15000,0,13,0.1866,83.89,0,0,1,0
1661,25,15000,0,13,0.3571,76.96,1,0,0,0
1662,22,15000,0,12,0.2658,70.88,0,0,1,0
1663,61,39900,2,14,0.5261,27.87,1,0,3,0
1664,53,56639,0,14,0.4823,56.95,1,2,4,1
1665,55,36670,3,14,0.2689,52.41,0,0,3,0
1666,49,45700,2,11,0.4159,65.56,1,0,3,0
1667,52,56199,1,15,0.5975,72.49,1,0,5,0
1668,29,15305,0,13,0.1427,63.8,0,0,2,1
1669,60,54870,1,19,0.3176,81.46,1,1,4,0
1670,47,55028,3,17,0.2955,57.42,0,1,2,0
1671,55,27827,3,16,0.4185,65.42,0,1,2,0
1672,24,21972,0,15,0.541,81.95,1,1,0,0
1673,33,18569,1,8,0.05,70.08,1,0,3,0
1674,22,15000,1,22,0.3517,82.1,0,1,0,1
1675,26,15000,1,12,0.1989,64.2,0,0,1,0
1676,51,25340,1,14,0.5142,53.52,0,0,2,0
1677,51,44100,0,16,0.3747,41.11,1,1,2,0
1678,38,15000,0,18,0.3571,60.46,0,2,2,1
1679,44,29339,2,21,0.3731,58.33,0,1,2,1
1680,36,43397,3,8,0.5771,85.82,1,0,2,0
1681,58,55535,2,19,0.7461,51.77,0,0,3,0
1682,42,28042,2,22,0.1999,60.08,1,3,0,1
1683,35,55745,3,11,0.2965,78.48,0,0,2,0
1684,23,49195,1,12,0.4712,86.83,0,0,0,0
1685,32,28391,3,5,0.2485,65.97,1,0,2,0
1686,60,15000,1,11,0.4775,57.01,0,0,4,0
1687,59,62896,1,10,0.6214,54.01,1,0,2,0
1688,55,15000,0,17,0.2555,46.21,1,1,4,1
1689,59,71742,1,18,0.3648,50.14,1,1,3,0
1690,55,62653,1,24,0.4154,74.11,1,2,3,1
1691,39,60213,0,13,0.4661,65.44,0,0,1,0
1692,51,47103,1,13,0.465,65.43,0,0,5,0
1693,36,25779,2,14,0.05,52.14,0,1,3,1
1694,48,34048,1,8,0.24,79.33,0,1,1,0
1695,55,38206,0,13,0.3349,48.68,0,1,6,1
1696,59,64316,3,15,0.3412,62.84,1,2,3,1
1697,54,56284,3,16,0.05,56.25,1,0,5,0
1698,45,40203,0,19,0.1173,71.45,0,2,2,1
1699,36,20367,0,17,0.1551,77.49,0,1,1,0
1700,51,82638,0,9,0.4893,62.89,1,0,3,0
1701,38,46485,2,9,0.3508,43.86,1,2,1,1
1702,26,15000,0,9,0.2428,94.67,1,1,3,0
1703,50,34656,0,7,0.5061,58.97,0,0,3,0
1704,25,36376,2,12,0.5104,86.76,1,0,0,0
1705,31,15206,0,18,0.3605,84.7,0,0,1,0
1706,38,38073,3,19,0.4132,64.15,1,1,1,0
1707,31,41461,1,16,0.2752,84.7,0,0,2,0
1708,38,15000,1,12,0.227,57.49,0,0,0,0
1709,41,33579,3,18,0.1278,73.97,0,0,1,0
1710,45,37368,2,11,0.3558,65.63,0,1,3,0
1711,26,17018,1,22,0.4604,72.16,1,2,0,1
1712,55,50925,2,8,0.6305,59.4,1,1,4,0
1713,27,33862,0,9,0.3479,63.56,0,0,2,0
1714,23,22930,1,24,0.4311,86.13,0,2,1,1
1715,34,23992,2,15,0.05,78.99,0,1,1,1
1716,32,37489,0,14,0.3288,80.93,1,2,3,1
1717,44,38335,2,17,0.3274,88.77,0,0,2,0
1718,37,28539,1,18,0.595,69.43,0,0,1,0
1719,52,24315,0,14,0.4197,58.04,1,1,3,1
1720,32,15000,3,15,0.4116,55.95,0,0,1,0
1721,37,15000,1,17,0.4038,93.09,0,1,0,1
1722,29,29774,0,6,0.3813,54.91,0,2,0,0
1723,25,21213,1,12,0.5829,83.15,0,2,1,0
1724,61,28995,0,23,0.05,42.48,1,3,3,1
1725,25,32088,1,12,0.4022,81.74,1,1,2,0
1726,46,59814,0,14,0.619,47.16,1,0,2,0
1727,24,15000,0,15,0.0538,93.27,0,0,0,1
1728,53,18685,3,21,0.4724,42.74,1,1,4,0
1729,24,15000,1,11,0.2233,97.39,0,1,1,0
1730,48,53616,2,14,0.4505,50.65,1,0,2,0
1731,50,50627,2,12,0.3095,77.29,1,0,2,0
1732,53,30963,3,12,0.5213,45.83,1,1,6,0
1733,40,57217,3,11,0.3998,62.1,0,1,2,0
1734,42,56224,1,19,0.5674,69.59,0,3,3,1
1735,26,15000,0,19,0.4028,65.58,0,1,0,1
1736,39,22450,0,16,0.2371,55.48,1,1,1,0
1737,49,32707,2,16,0.457,49.13,1,1,5,0
1738,43,29190,2,18,0.2734,70.9,1,3,3,1
1739,42,50258,1,13,0.4353,69.02,1,1,2,0
1740,27,30379,1,14,0.33,79.83,0,2,0,0
1741,22,33156,0,15,0.5179,78.45,1,2,0,0
1742,26,33303,3,20,0.4643,88.36,1,2,0,1
1743,33,54517,2,15,0.4317,92.4,1,0,0,0
1744,47,24109,0,9,0.2574,71.05,0,0,3,0
1745,55,52105,0,9,0.2399,55.68,1,0,4,0
1746,35,15000,2,11,0.3578,52.79,0,0,2,0
1747,47,20245,0,14,0.2558,32.37,1,0,2,0
1748,48,39677,0,6,0.1175,62.19,0,0,3,0
1749,30,32673,0,10,0.1822,46.97,1,0,0,0
1750,47,38472,2,10,0.6401,60.86,1,1,2,0
1751,43,28292,3,17,0.2717,87.07,0,1,4,1
1752,51,37358,2,13,0.5557,43.23,1,0,3,0
1753,38,53341,2,12,0.3799,53.24,1,1,2,0
1754,47,34239,1,11,0.5715,72.98,1,1,3,0
1755,57,74238,2,11,0.6607,17.34,1,1,4,0
1756,22,31910,2,15,0.2559,88.92,1,2,0,0
1757,29,32463,0,20,0.083,99.67,0,0,0,0
1758,56,29296,1,18,0.0877,42.64,1,0,3,0
1759,36,45228,0,10,0.2918,57.66,1,0,0,0
1760,43,29393,0,14,0.6569,74.99,0,0,3,0
1761,35,15000,2,20,0.2759,53.54,0,1,1,1
1762,47,47692,0,10,0.441,76.93,1,0,2,0
1763,49,20780,1,8,0.5475,44.14,1,0,3,0
1764,44,26166,2,7,0.382,91.54,1,0,3,0
1765,35,30248,0,19,0.387,82.56,0,0,1,0
1766,45,71676,2,13,0.5726,69.34,0,1,2,0
1767,23,15000,0,17,0.3808,100.0,0,1,1,0
1768,47,33126,2,11,0.3679,78.79,0,0,2,0
1769,35,41385,2,8,0.2952,79.27,0,0,2,0
1770,28,15000,3,10,0.3493,48.75,0,0,1,0
1771,24,28242,0,8,0.5348,70.7,0,0,0,0
1772,44,55688,1,20,0.7065,84.25,0,2,2,0
1773,39,28993,3,20,0.4163,49.8,1,0,2,0
1774,59,64992,0,14,0.5758,45.41,0,1,3,0
1775,56,51571,2,10,0.4694,42.63,1,2,3,1
1776,36,20239,0,16,0.3375,76.86,0,0,0,0
1777,46,36232,1,18,0.4677,78.88,0,0,2,0
1778,58,43103,2,23,0.5862,69.98,1,3,4,1
1779,49,40285,3,17,0.2678,49.64,1,2,2,1
1780,31,29490,0,15,0.156,81.58,1,1,0,0
1781,60,59222,1,14,0.3681,42.02,1,1,3,0
1782,38,40430,2,22,0.4328,68.08,1,2,1,1
1783,60,15000,1,17,0.468,58.9,1,0,5,0
1784,43,35340,3,16,0.2399,82.65,1,2,3,1
1785,47,17358,0,14,0.05,29.49,1,1,3,1
1786,46,35064,1,13,0.3112,65.79,1,1,2,0
1787,38,30943,0,15,0.3483,91.4,0,3,2,1
1788,34,44242,1,22,0.2363,78.31,0,2,0,1
1789,41,34748,3,10,0.2735,69.51,0,0,2,0
1790,46,43088,2,15,0.5378,56.66,0,0,3,0
1791,25,34295,3,13,0.3975,100.0,0,1,0,0
1792,31,45616,2,13,0.4659,69.61,0,1,1,0
1793,24,19754,2,16,0.296,78.87,0,1,0,0
1794,39,35012,2,21,0.2744,62.85,0,3,1,1
1795,57,48150,2,16,0.3659,58.44,1,2,4,1
1796,43,28661,3,9,0.4465,87.45,1,0,3,0
1797,55,34863,0,13,0.1635,43.49,1,0,3,0
1798,29,15000,1,13,0.585,77.59,1,1,2,0
1799,61,35050,0,21,0.4739,58.17,1,1,4,1
1800,40,15000,0,15,0.2571,54.92,0,1,1,1
1801,58,67627,3,11,0.5911,57.08,1,1,3,0
1802,27,26826,1,24,0.5504,100.0,0,1,0,0
1803,47,38110,0,16,0.3457,37.28,0,0,1,0
1804,55,35637,0,10,0.3566,50.85,0,0,5,0
1805,27,24446,2,13,0.5851,82.2,0,1,0,0
1806,58,36080,0,15,0.708,49.17,0,0,3,0
1807,54,48210,1,13,0.4249,100.0,1,0,2,0
1808,43,40486,1,17,0.2275,75.48,0,0,0,0
1809,42,23079,2,13,0.2871,50.64,0,1,3,0
1810,27,15000,0,17,0.4925,42.45,0,0,1,0
1811,27,38432,2,8,0.2415,84.95,1,2,2,1
1812,25,21607,2,15,0.3228,68.43,0,1,0,1
1813,51,31484,2,13,0.4226,79.28,1,1,3,0
1814,32,22442,1,14,0.2177,70.12,1,1,0,1
1815,51,28041,0,13,0.5346,51.08,0,0,2,0
1816,52,42992,0,19,0.5116,51.52,0,1,4,1
1817,45,50874,1,14,0.7286,81.49,1,3,2,1
1818,30,25984,1,7,0.4822,82.43,1,1,1,0
1819,24,57054,1,14,0.2985,100.0,0,3,0,1
1820,52,50320,1,19,0.5054,57.81,1,1,4,0
1821,61,54649,3,6,0.5848,67.2,0,0,2,0
1822,58,35175,0,11,0.5439,67.91,0,0,2,0
1823,57,44421,1,18,0.2945,66.55,1,1,4,1
1824,45,26714,0,13,0.2323,56.62,0,0,4,0
1825,52,15000,0,19,0.1666,64.6,1,0,3,0
1826,27,38613,2,9,0.6372,78.4,0,2,0,0
1827,23,15000,0,13,0.4309,78.85,0,0,1,0
1828,41,23793,2,19,0.2363,55.09,0,0,2,0
1829,49,44758,0,12,0.431,31.07,1,2,4,0
1830,32,35687,0,21,0.3707,94.29,1,2,0,1
1831,25,17588,2,13,0.1981,85.83,0,0,2,0
1832,36,31160,1,19,0.3833,51.77,1,2,0,0
1833,27,35192,0,22,0.4166,90.28,0,2,0,1
1834,51,37797,0,15,0.6842,79.6,0,0,3,0
1835,59,54135,0,10,0.337,67.48,1,0,4,0
1836,23,15000,3,16,0.0811,67.33,1,0,1,0
1837,36,15000,0,14,0.1802,59.32,1,1,0,1
1838,32,37083,1,14,0.2588,67.49,1,0,1,0
1839,29,15000,1,15,0.2735,88.82,0,3,2,1
1840,47,43512,2,15,0.2518,71.54,0,1,3,0
1841,26,20995,0,21,0.4758,100.0,0,1,0,0
1842,27,18532,0,19,0.1789,53.24,1,3,2,1
1843,47,27573,2,22,0.3719,61.97,0,2,2,1
1844,25,36040,0,26,0.6901,52.29,0,0,0,0
1845,40,60348,3,12,0.5339,80.58,1,0,1,0
1846,41,39702,0,17,0.4669,84.77,1,1,2,0
1847,54,50437,3,14,0.7047,81.08,1,0,3,0
1848,41,24965,2,17,0.5493,70.12,0,1,1,0
1849,33,15000,0,19,0.4223,44.0,0,1,0,1
1850,22,19403,0,17,0.3019,81.19,0,2,0,1
1851,47,25393,0,11,0.3601,69.09,1,0,2,0
1852,35,15000,2,10,0.3268,56.02,0,1,1,1
1853,59,61651,1,11,0.3939,52.59,1,0,4,0
1854,58,61582,1,18,0.4858,38.2,0,1,4,1
1855,32,15117,2,10,0.3904,64.32,0,0,1,0
1856,57,51659,3,17,0.2425,70.85,0,2,5,1
1857,34,44629,1,12,0.6564,85.07,1,0,2,0
1858,24,24675,2,13,0.4232,59.94,0,1,1,1
1859,54,27702,0,6,0.3298,46.6,0,0,3,0
1860,27,20506,0,19,0.3844,78.91,0,0,1,0
1861,31,47102,1,17,0.5573,80.91,0,1,0,0
1862,26,26905,0,24,0.1473,69.55,0,0,1,0
1863,44,45686,3,17,0.3985,74.12,1,0,1,0
1864,31,32324,0,19,0.2029,75.5,0,0,1,0
1865,23,15000,0,9,0.7361,42.05,0,1,0,0
1866,34,20287,2,9,0.3714,63.85,0,1,2,0
1867,61,56282,1,12,0.264,45.42,1,0,5,0
1868,23,33053,0,11,0.9226,92.68,0,1,0,0
1869,41,51698,0,10,0.3488,80.41,1,0,4,0
1870,22,15000,0,26,0.3061,56.42,0,1,0,1
1871,58,55296,1,17,0.4177,63.31,1,0,2,0
1872,30,44205,1,11,0.2833,76.91,1,1,0,0
1873,38,17993,0,5,0.3821,70.9,0,0,1,0
1874,30,48701,2,14,0.0901,69.26,1,3,1,1
1875,32,52584,0,10,0.5943,76.33,0,0,0,0
1876,36,70576,2,10,0.3073,93.11,0,0,1,0
1877,45,41864,1,8,0.3424,67.47,1,0,3,0
1878,59,53146,2,21,0.5456,55.08,0,2,4,1
1879,56,59604,2,11,0.4183,51.57,1,1,3,0
1880,51,55167,2,17,0.4134,78.1,1,1,3,0
1881,52,60895,1,16,0.3004,42.88,0,2,3,1
1882,26,34960,1,21,0.7017,68.27,0,2,0,1
1883,35,28809,2,15,0.4517,52.41,0,1,1,0
1884,32,46329,0,9,0.2534,79.64,1,0,1,0
1885,30,15000,0,16,0.3642,92.8,1,2,1,1
1886,55,46487,0,10,0.2432,53.32,1,0,4,0
1887,33,52256,1,23,0.689,60.38,0,1,1,0
1888,56,28446,0,16,0.4011,80.19,0,1,4,0
1889,56,37037,0,15,0.2463,63.27,1,1,1,0
1890,22,30076,0,19,0.4798,87.17,1,1,0,0
1891,61,57108,1,14,0.4011,51.66,1,1,5,0
1892,43,23674,0,24,0.166,75.6,1,3,4,1
1893,50,36157,0,12,0.4475,65.14,0,0,3,0
1894,29,15000,2,12,0.3904,68.68,0,0,0,0
1895,32,42707,3,11,0.5774,71.56,0,1,2,0
1896,58,44961,1,26,0.4221,40.4,1,3,4,1
1897,35,57282,1,12,0.4593,58.16,0,0,1,0
1898,51,44416,0,8,0.4351,56.79,1,0,2,0
1899,56,43903,3,14,0.649,74.5,0,0,2,0
1900,42,31247,1,11,0.3316,51.61,1,0,3,0
1901,58,45137,3,15,0.4833,68.26,1,2,4,0
1902,26,24862,0,17,0.4547,67.3,1,1,1,0
1903,40,72086,1,19,0.5327,46.01,1,1,1,0
1904,35,25317,1,16,0.3111,80.33,0,1,0,1
1905,47,35404,0,12,0.4066,87.97,1,1,1,0
1906,25,23383,1,12,0.3444,67.1,1,0,0,0
1907,46,55554,2,15,0.7328,42.81,1,0,1,0
1908,46,17885,0,8,0.276,69.41,1,1,1,0
1909,39,40426,0,9,0.2642,56.59,1,0,2,0
1910,61,38938,0,14,0.3964,60.74,1,0,3,0
1911,29,33899,3,6,0.3732,95.06,0,0,2,0
1912,60,42993,2,12,0.437,58.86,1,0,4,0
1913,61,16638,2,12,0.273,62.61,1,0,4,0
1914,35,35943,0,19,0.4064,85.44,1,1,3,1
1915,53,50217,0,11,0.445,75.07,1,0,2,0
1916,59,40913,0,22,0.5382,55.17,1,2,5,1
1917,54,36024,2,14,0.404,69.69,1,0,3,0
1918,44,17929,0,23,0.3602,66.66,1,1,5,0
1919,36,42796,1,11,0.4844,78.95,1,2,1,0
1920,54,58833,1,23,0.5772,100.0,1,2,3,0
1921,46,26014,2,16,0.2175,67.03,1,2,3,1
1922,38,24700,1,20,0.1739,47.2,1,0,1,0
1923,54,44650,0,18,0.6659,55.9,1,0,2,0
1924,23,54862,0,1,0.5428,80.03,0,0,0,0
1925,35,38576,0,15,0.3635,69.49,0,0,3,0
1926,61,37048,0,17,0.3956,66.81,1,0,3,0
1927,61,55756,1,22,0.3805,71.33,1,2,4,1
1928,60,29749,3,11,0.4061,50.99,1,1,5,0
1929,27,34769,2,18,0.2411,58.6,0,1,2,1
1930,27,49133,2,17,0.5489,82.4,1,2,0,0
1931,24,46796,3,16,0.4433,74.93,0,1,0,0
1932,28,35823,2,19,0.4213,81.94,0,1,0,0
1933,29,16848,2,21,0.208,74.27,0,1,0,1
1934,36,15000,1,12,0.4161,88.55,0,0,2,0
1935,50,21396,1,15,0.2228,63.86,1,0,3,0
1936,54,15000,0,20,0.2337,47.8,0,3,5,1
1937,51,53607,1,15,0.4472,41.38,0,2,2,1
1938,60,48857,1,16,0.7982,53.77,0,2,5,1
1939,48,54438,1,15,0.4618,63.98,0,1,4,0
1940,57,69420,3,13,0.0882,55.01,1,2,4,0
1941,50,43898,2,16,0.3134,73.62,1,0,1,0
1942,59,51789,2,17,0.532,34.84,1,0,3,0
1943,54,38635,3,10,0.2273,46.83,1,0,5,0
1944,58,43608,1,20,0.5337,56.35,0,1,4,1
1945,48,51727,0,9,0.4531,55.98,1,0,3,0
1946,54,42984,0,16,0.5562,53.35,0,0,3,0
1947,25,17614,0,19,0.2602,78.46,0,0,0,0
1948,43,36525,0,15,0.2958,77.14,0,1,0,0
1949,23,34094,0,12,0.47,81.1,1,1,1,0
1950,31,16810,0,14,0.3409,44.94,1,1,2,0
1951,26,22202,0,15,0.3453,69.98,1,0,0,0
1952,31,30879,3,23,0.6125,83.32,0,1,1,1
1953,54,63003,1,7,0.5481,72.14,0,1,3,0
1954,59,46010,1,15,0.1165,67.27,0,1,4,0
1955,34,18832,1,14,0.4669,88.8,1,0,1,0
1956,52,36734,0,13,0.4967,61.45,1,1,4,0
1957,57,63795,0,17,0.6372,62.33,1,3,4,1
1958,45,68899,2,9,0.3313,53.28,0,0,0,0
1959,36,15000,0,19,0.3862,37.68,0,0,2,0
1960,50,25970,1,19,0.3817,38.93,0,0,4,0
1961,29,23068,0,16,0.214,66.18,0,1,0,0
1962,26,24864,0,13,0.5042,58.89,0,0,1,0
1963,50,54204,0,10,0.3993,58.63,1,0,5,0
1964,25,15000,3,15,0.5104,72.17,0,0,0,0
1965,33,15000,2,28,0.2261,86.77,0,3,2,1
1966,23,22871,2,15,0.1381,66.95,0,1,0,0
1967,48,36923,0,12,0.3559,65.0,1,1,3,0
1968,52,57900,0,15,0.4795,55.49,1,2,3,1
1969,57,55310,3,15,0.3581,42.43,1,0,3,0
1970,57,56330,0,13,0.05,46.72,0,2,3,1
1971,47,38432,3,15,0.4536,33.07,0,1,1,0
1972,48,76133,2,13,0.5472,78.04,0,0,2,0
1973,26,15000,3,16,0.4406,99.33,1,2,2,0
1974,41,44362,0,10,0.3538,65.22,0,2,1,1
1975,32,15000,0,14,0.2722,73.94,0,2,0,1
1976,31,15000,0,11,0.5535,69.86,1,0,1,0
1977,61,42089,2,18,0.1689,40.71,1,3,4,1
1978,59,74039,2,17,0.448,68.38,1,3,4,1
1979,27,27958,1,17,0.3912,83.58,0,0,0,0
1980,29,16742,3,9,0.4328,32.39,1,0,1,0
1981,44,43216,1,16,0.4335,51.2,1,0,2,0
1982,47,40527,1,17,0.263,33.26,0,3,1,1
1983,33,21420,1,9,0.5287,96.67,0,1,1,0
1984,47,19050,0,14,0.3479,59.33,0,0,3,0
1985,34,51178,2,18,0.1777,79.13,0,0,2,1
1986,61,54347,2,16,0.4672,48.94,1,0,2,0
1987,39,66206,0,13,0.5368,89.56,1,1,2,0
1988,46,53304,1,17,0.7274,79.04,1,0,2,0
1989,54,53869,1,19,0.496,56.55,0,3,5,1
1990,61,44671,0,19,0.1894,79.04,0,1,4,1
1991,33,15000,1,10,0.1205,75.48,0,1,2,1
1992,57,44734,2,8,0.6006,34.57,0,0,4,0
1993,25,15000,0,17,0.2171,80.6,0,0,0,0
1994,26,32952,1,22,0.1499,87.86,0,1,2,1
1995,58,73289,1,13,0.6333,56.53,1,0,5,0
1996,29,21686,3,12,0.2829,70.4,0,0,1,0
1997,49,55767,0,15,0.5815,90.44,1,3,3,1
1998,52,33661,0,12,0.2469,41.58,1,0,1,0
1999,30,21862,1,19,0.5757,34.33,1,0,1,0
2000,50,30175,0,12,0.5062,84.9,0,0,3,0
